{"cameraMode":{"drawMode":0,"name":"Shaded","section":"Shading Mode"},"sceneLighting":false,"audioPlay":false,"sceneViewState":{"showFog":false,"showMaterialUpdate":false,"showSkybox":false,"showFlares":false,"showImageEffects":false,"showParticleSystems":false},"in2DMode":false,"pivot":{"x":489.86566162109377,"y":506.32403564453127,"z":-1011.7996826171875},"rotation":{"x":-0.1464005559682846,"y":0.5722821950912476,"z":-0.10873770713806153,"w":-0.7999302744865418},"size":89.42117309570313,"orthographic":false}