{"cameraMode":{"drawMode":0,"name":"Shaded","section":"Shading Mode"},"sceneLighting":false,"audioPlay":false,"sceneViewState":{"showFog":false,"showMaterialUpdate":false,"showSkybox":false,"showFlares":false,"showImageEffects":false,"showParticleSystems":false},"in2DMode":false,"pivot":{"x":33.87641143798828,"y":167.91116333007813,"z":-234.07785034179688},"rotation":{"x":0.2541011571884155,"y":0.005484696011990309,"z":0.0032902632374316456,"w":0.967547595500946},"size":27.097335815429689,"orthographic":false}