{"cameraMode":{"drawMode":0,"name":"Shaded","section":"Shading Mode"},"sceneLighting":true,"audioPlay":false,"sceneViewState":{"showFog":false,"showMaterialUpdate":false,"showSkybox":false,"showFlares":false,"showImageEffects":false,"showParticleSystems":false},"in2DMode":false,"pivot":{"x":198.59181213378907,"y":127.92697143554688,"z":356.15191650390627},"rotation":{"x":-0.16170023381710053,"y":-0.020503511652350427,"z":-0.0009767874144017697,"w":-0.9869919419288635},"size":314.4272766113281,"orthographic":false}