{"cameraMode":{"drawMode":0,"name":"Shaded","section":"Shading Mode"},"sceneLighting":false,"audioPlay":false,"sceneViewState":{"showFog":false,"showMaterialUpdate":false,"showSkybox":false,"showFlares":false,"showImageEffects":false,"showParticleSystems":false},"in2DMode":false,"pivot":{"x":354.5677490234375,"y":629.62451171875,"z":-663.2161254882813},"rotation":{"x":0.30995607376098635,"y":-0.027256786823272706,"z":0.013295904733240605,"w":0.9506504535675049},"size":27.097299575805665,"orthographic":false}