{"cameraMode":{"drawMode":0,"name":"Shaded","section":"Shading Mode"},"sceneLighting":false,"audioPlay":false,"sceneViewState":{"showFog":false,"showMaterialUpdate":false,"showSkybox":false,"showFlares":false,"showImageEffects":false,"showParticleSystems":false},"in2DMode":false,"pivot":{"x":542.783935546875,"y":477.29071044921877,"z":-1012.875},"rotation":{"x":-0.1608501821756363,"y":0.14608125388622285,"z":-0.027330992743372918,"w":-0.9760605096817017},"size":89.42117309570313,"orthographic":false}