{"cameraMode":{"drawMode":0,"name":"Shaded","section":"Shading Mode"},"sceneLighting":false,"audioPlay":false,"sceneViewState":{"showFog":false,"showMaterialUpdate":false,"showSkybox":false,"showFlares":false,"showImageEffects":false,"showParticleSystems":false},"in2DMode":false,"pivot":{"x":6.153852939605713,"y":1.8377656936645508,"z":-2.809490203857422},"rotation":{"x":0.09919647127389908,"y":0.08690030872821808,"z":-0.0041030156426131729,"w":0.9916524887084961},"size":0.4396364390850067,"orthographic":false}