{"cameraMode":{"drawMode":0,"name":"Shaded","section":"Shading Mode"},"sceneLighting":false,"audioPlay":false,"sceneViewState":{"showFog":false,"showMaterialUpdate":false,"showSkybox":false,"showFlares":false,"showImageEffects":false,"showParticleSystems":false},"in2DMode":false,"pivot":{"x":42.67094802856445,"y":-37.398277282714847,"z":147.34011840820313},"rotation":{"x":0.14558081328868867,"y":0.12876397371292115,"z":-0.0188512671738863,"w":0.9808936715126038},"size":89.42119598388672,"orthographic":false}