{"cameraMode":{"drawMode":0,"name":"Shaded","section":"Shading Mode"},"sceneLighting":false,"audioPlay":false,"sceneViewState":{"showFog":false,"showMaterialUpdate":false,"showSkybox":false,"showFlares":false,"showImageEffects":false,"showParticleSystems":false},"in2DMode":false,"pivot":{"x":257.3902893066406,"y":226.84130859375,"z":-534.1318359375},"rotation":{"x":0.27851080894470217,"y":-0.020439621061086656,"z":0.010468750260770321,"w":0.9605708122253418},"size":27.097349166870118,"orthographic":false}