{"cameraMode":{"drawMode":0,"name":"Shaded","section":"Shading Mode"},"sceneLighting":false,"audioPlay":false,"sceneViewState":{"showFog":false,"showMaterialUpdate":false,"showSkybox":false,"showFlares":false,"showImageEffects":false,"showParticleSystems":false},"in2DMode":false,"pivot":{"x":458.0429992675781,"y":750.9600830078125,"z":-875.5088500976563},"rotation":{"x":0.2983754277229309,"y":-0.008589007891714573,"z":0.0026912917383015157,"w":0.9544169902801514},"size":27.097349166870118,"orthographic":false}