{"cameraMode":{"drawMode":0,"name":"Shaded","section":"Shading Mode"},"sceneLighting":false,"audioPlay":false,"sceneViewState":{"showFog":false,"showMaterialUpdate":false,"showSkybox":false,"showFlares":false,"showImageEffects":false,"showParticleSystems":false},"in2DMode":false,"pivot":{"x":339.1210632324219,"y":582.8370361328125,"z":-564.377685546875},"rotation":{"x":-0.26567918062210085,"y":-0.03358287736773491,"z":0.004516303539276123,"w":-0.9638818502426148},"size":27.097299575805665,"orthographic":false}