{"cameraMode":{"drawMode":0,"name":"Shaded","section":"Shading Mode"},"sceneLighting":false,"audioPlay":false,"sceneViewState":{"showFog":false,"showMaterialUpdate":false,"showSkybox":false,"showFlares":false,"showImageEffects":false,"showParticleSystems":false},"in2DMode":false,"pivot":{"x":201.9333038330078,"y":357.3576965332031,"z":-343.6136779785156},"rotation":{"x":-0.20150819420814515,"y":-0.007451379206031561,"z":-0.001967775169759989,"w":-0.9798335433006287},"size":89.42120361328125,"orthographic":false}