{"cameraMode":{"drawMode":0,"name":"Shaded","section":"Shading Mode"},"sceneLighting":false,"audioPlay":false,"sceneViewState":{"showFog":false,"showMaterialUpdate":false,"showSkybox":false,"showFlares":false,"showImageEffects":false,"showParticleSystems":false},"in2DMode":false,"pivot":{"x":18.852109909057618,"y":134.72714233398438,"z":-188.21826171875},"rotation":{"x":-0.29668790102005007,"y":0.05249384045600891,"z":-0.020042361691594125,"w":-0.9536838531494141},"size":28.157501220703126,"orthographic":false}