{"cameraMode":{"drawMode":0,"name":"Shaded","section":"Shading Mode"},"sceneLighting":false,"audioPlay":false,"sceneViewState":{"showFog":false,"showMaterialUpdate":false,"showSkybox":false,"showFlares":false,"showImageEffects":false,"showParticleSystems":false},"in2DMode":false,"pivot":{"x":203.3511199951172,"y":337.70660400390627,"z":-357.72711181640627},"rotation":{"x":-0.27143338322639468,"y":0.0024839858524501325,"z":-0.004405335057526827,"w":-0.9627919793128967},"size":89.42120361328125,"orthographic":false}