{"cameraMode":{"drawMode":0,"name":"Shaded","section":"Shading Mode"},"sceneLighting":false,"audioPlay":false,"sceneViewState":{"showFog":false,"showMaterialUpdate":false,"showSkybox":false,"showFlares":false,"showImageEffects":false,"showParticleSystems":false},"in2DMode":false,"pivot":{"x":0.1448678821325302,"y":-27.249469757080079,"z":70.10234069824219},"rotation":{"x":0.36519724130630495,"y":-0.009546849876642228,"z":0.004392710048705339,"w":0.9310447573661804},"size":89.42119598388672,"orthographic":false}