{"cameraMode":{"drawMode":0,"name":"Shaded","section":"Shading Mode"},"sceneLighting":false,"audioPlay":false,"sceneViewState":{"showFog":false,"showMaterialUpdate":false,"showSkybox":false,"showFlares":false,"showImageEffects":false,"showParticleSystems":false},"in2DMode":false,"pivot":{"x":14.763623237609864,"y":-85.0101547241211,"z":494.3917236328125},"rotation":{"x":-0.25656893849372866,"y":0.11334694921970368,"z":-0.03030778467655182,"w":-0.959408164024353},"size":2.8578836917877199,"orthographic":false}