{"cameraMode":{"drawMode":0,"name":"Shaded","section":"Shading Mode"},"sceneLighting":false,"audioPlay":false,"sceneViewState":{"showFog":false,"showMaterialUpdate":false,"showSkybox":false,"showFlares":false,"showImageEffects":false,"showParticleSystems":false},"in2DMode":false,"pivot":{"x":-183.1024627685547,"y":75.59154510498047,"z":193.73272705078126},"rotation":{"x":-0.25955212116241457,"y":0.10411075502634049,"z":-0.03021431900560856,"w":-0.9598559737205505},"size":89.42119598388672,"orthographic":false}