{"cameraMode":{"drawMode":0,"name":"Shaded","section":"Shading Mode"},"sceneLighting":false,"audioPlay":false,"sceneViewState":{"showFog":false,"showMaterialUpdate":false,"showSkybox":false,"showFlares":false,"showImageEffects":false,"showParticleSystems":false},"in2DMode":false,"pivot":{"x":496.9670715332031,"y":362.8357238769531,"z":-518.2545166015625},"rotation":{"x":0.37736451625823977,"y":0.01667465828359127,"z":-0.006771532818675041,"w":0.9259307980537415},"size":27.097320556640626,"orthographic":false}