{"cameraMode":{"drawMode":0,"name":"Shaded","section":"Shading Mode"},"sceneLighting":false,"audioPlay":false,"sceneViewState":{"showFog":false,"showMaterialUpdate":false,"showSkybox":false,"showFlares":false,"showImageEffects":false,"showParticleSystems":false},"in2DMode":false,"pivot":{"x":10.992894172668457,"y":-36.49862289428711,"z":79.45713806152344},"rotation":{"x":-0.4512269198894501,"y":0.02503463812172413,"z":-0.01491475198417902,"w":-0.8921696543693543},"size":89.42119598388672,"orthographic":false}