{"cameraMode":{"drawMode":0,"name":"Shaded","section":"Shading Mode"},"sceneLighting":false,"audioPlay":false,"sceneViewState":{"showFog":false,"showMaterialUpdate":false,"showSkybox":false,"showFlares":false,"showImageEffects":false,"showParticleSystems":false},"in2DMode":false,"pivot":{"x":180.73165893554688,"y":397.6969299316406,"z":-447.7671203613281},"rotation":{"x":-0.10519027709960938,"y":0.86517333984375,"z":-0.2152351438999176,"w":-0.44131577014923098},"size":89.42120361328125,"orthographic":false}