{"cameraMode":{"drawMode":0,"name":"Shaded","section":"Shading Mode"},"sceneLighting":false,"audioPlay":false,"sceneViewState":{"showFog":false,"showMaterialUpdate":false,"showSkybox":false,"showFlares":false,"showImageEffects":false,"showParticleSystems":false},"in2DMode":false,"pivot":{"x":1.2977436780929566,"y":-83.17578887939453,"z":119.92716217041016},"rotation":{"x":0.4634518325328827,"y":-0.0023577739484608175,"z":0.0019471632549539209,"w":0.8862930536270142},"size":89.42119598388672,"orthographic":false}