{"cameraMode":{"drawMode":0,"name":"Shaded","section":"Shading Mode"},"sceneLighting":false,"audioPlay":false,"sceneViewState":{"showFog":false,"showMaterialUpdate":false,"showSkybox":false,"showFlares":false,"showImageEffects":false,"showParticleSystems":false},"in2DMode":false,"pivot":{"x":43.520713806152347,"y":171.23487854003907,"z":644.6393432617188},"rotation":{"x":-0.0036220380570739509,"y":-0.9361110925674439,"z":0.35268691182136538,"w":0.0032548324670642616},"size":27.097305297851564,"orthographic":false}