{"cameraMode":{"drawMode":0,"name":"Shaded","section":"Shading Mode"},"sceneLighting":false,"audioPlay":false,"sceneViewState":{"showFog":false,"showMaterialUpdate":false,"showSkybox":false,"showFlares":false,"showImageEffects":false,"showParticleSystems":false},"in2DMode":false,"pivot":{"x":45.364444732666019,"y":124.76358795166016,"z":-66.87432861328125},"rotation":{"x":-0.412847638130188,"y":0.13468533754348756,"z":-0.06344044208526612,"w":-0.8987770080566406},"size":89.42119598388672,"orthographic":false}