{"cameraMode":{"drawMode":0,"name":"Shaded","section":"Shading Mode"},"sceneLighting":false,"audioPlay":false,"sceneViewState":{"showFog":false,"showMaterialUpdate":false,"showSkybox":false,"showFlares":false,"showImageEffects":false,"showParticleSystems":false},"in2DMode":false,"pivot":{"x":-0.6860933303833008,"y":-36.064640045166019,"z":117.17829895019531},"rotation":{"x":0.31434041261672976,"y":-0.02112511359155178,"z":0.007757454179227352,"w":0.9492116570472717},"size":89.42119598388672,"orthographic":false}