{"cameraMode":{"drawMode":0,"name":"Shaded","section":"Shading Mode"},"sceneLighting":false,"audioPlay":false,"sceneViewState":{"showFog":false,"showMaterialUpdate":false,"showSkybox":false,"showFlares":false,"showImageEffects":false,"showParticleSystems":false},"in2DMode":false,"pivot":{"x":-0.7027619481086731,"y":-60.62913131713867,"z":106.59576416015625},"rotation":{"x":0.34819427132606509,"y":-0.030716335400938989,"z":0.01204918883740902,"w":0.937005877494812},"size":99.7942886352539,"orthographic":false}