{"cameraMode":{"drawMode":0,"name":"Shaded","section":"Shading Mode"},"sceneLighting":false,"audioPlay":false,"sceneViewState":{"showFog":false,"showMaterialUpdate":false,"showSkybox":false,"showFlares":false,"showImageEffects":false,"showParticleSystems":false},"in2DMode":false,"pivot":{"x":54.4696044921875,"y":174.24400329589845,"z":-272.1556091308594},"rotation":{"x":0.35803115367889407,"y":0.047519247978925708,"z":-0.014271875843405724,"w":0.9327921271324158},"size":27.09733009338379,"orthographic":false}