{"cameraMode":{"drawMode":0,"name":"Shaded","section":"Shading Mode"},"sceneLighting":false,"audioPlay":false,"sceneViewState":{"showFog":false,"showMaterialUpdate":false,"showSkybox":false,"showFlares":false,"showImageEffects":false,"showParticleSystems":false},"in2DMode":false,"pivot":{"x":130.16734313964845,"y":185.59085083007813,"z":-179.3432159423828},"rotation":{"x":-0.326917827129364,"y":0.034885670989751819,"z":-0.015652038156986238,"w":-0.9446362257003784},"size":89.42119598388672,"orthographic":false}