{"cameraMode":{"drawMode":0,"name":"Shaded","section":"Shading Mode"},"sceneLighting":false,"audioPlay":false,"sceneViewState":{"showFog":false,"showMaterialUpdate":false,"showSkybox":false,"showFlares":false,"showImageEffects":false,"showParticleSystems":false},"in2DMode":false,"pivot":{"x":-160.49142456054688,"y":11.791726112365723,"z":324.30645751953127},"rotation":{"x":-0.23514023423194886,"y":-0.004283865913748741,"z":-0.0009885730687528849,"w":-0.9721683263778687},"size":134.52487182617188,"orthographic":false}