{"cameraMode":{"drawMode":0,"name":"Shaded","section":"Shading Mode"},"sceneLighting":false,"audioPlay":false,"sceneViewState":{"showFog":false,"showMaterialUpdate":false,"showSkybox":false,"showFlares":false,"showImageEffects":false,"showParticleSystems":false},"in2DMode":false,"pivot":{"x":280.1823425292969,"y":320.409423828125,"z":-631.5294189453125},"rotation":{"x":0.2597185969352722,"y":0.054672349244356158,"z":-0.010234006680548191,"w":0.9644829034805298},"size":27.097349166870118,"orthographic":false}