{"cameraMode":{"drawMode":0,"name":"Shaded","section":"Shading Mode"},"sceneLighting":false,"audioPlay":false,"sceneViewState":{"showFog":false,"showMaterialUpdate":false,"showSkybox":false,"showFlares":false,"showImageEffects":false,"showParticleSystems":false},"in2DMode":false,"pivot":{"x":135.3177032470703,"y":106.4874267578125,"z":-45.51161193847656},"rotation":{"x":-0.308773934841156,"y":0.0021014572121202947,"z":-0.005169985815882683,"w":-0.9515047669410706},"size":145.1174774169922,"orthographic":false}