{"cameraMode":{"drawMode":0,"name":"Shaded","section":"Shading Mode"},"sceneLighting":false,"audioPlay":false,"sceneViewState":{"showFog":false,"showMaterialUpdate":false,"showSkybox":false,"showFlares":false,"showImageEffects":false,"showParticleSystems":false},"in2DMode":false,"pivot":{"x":24.341989517211915,"y":87.76712799072266,"z":-139.77928161621095},"rotation":{"x":0.2973819375038147,"y":0.015688888728618623,"z":0.00000751351535654976,"w":0.9550148248672485},"size":16.329153060913087,"orthographic":false}