{"cameraMode":{"drawMode":0,"name":"Shaded","section":"Shading Mode"},"sceneLighting":false,"audioPlay":false,"sceneViewState":{"showFog":false,"showMaterialUpdate":false,"showSkybox":false,"showFlares":false,"showImageEffects":false,"showParticleSystems":false},"in2DMode":false,"pivot":{"x":30.151140213012697,"y":77.48847961425781,"z":-68.85997772216797},"rotation":{"x":-0.2613503038883209,"y":-0.01489458978176117,"z":0.00013743019371759146,"w":-0.9654830694198608},"size":89.42121124267578,"orthographic":false}