{"cameraMode":{"drawMode":0,"name":"Shaded","section":"Shading Mode"},"sceneLighting":false,"audioPlay":false,"sceneViewState":{"showFog":false,"showMaterialUpdate":false,"showSkybox":false,"showFlares":false,"showImageEffects":false,"showParticleSystems":false},"in2DMode":false,"pivot":{"x":336.2209777832031,"y":531.082275390625,"z":-430.2535705566406},"rotation":{"x":0.2738761305809021,"y":-0.042112965136766437,"z":0.016571762040257455,"w":0.961096465587616},"size":27.09732437133789,"orthographic":false}