{"cameraMode":{"drawMode":0,"name":"Shaded","section":"Shading Mode"},"sceneLighting":false,"audioPlay":false,"sceneViewState":{"showFog":false,"showMaterialUpdate":false,"showSkybox":false,"showFlares":false,"showImageEffects":false,"showParticleSystems":false},"in2DMode":false,"pivot":{"x":47.96715545654297,"y":220.75042724609376,"z":563.9580078125},"rotation":{"x":-0.3915228545665741,"y":0.017246175557374955,"z":-0.011662790551781655,"w":-0.9203355312347412},"size":27.097352981567384,"orthographic":false}