{"cameraMode":{"drawMode":0,"name":"Shaded","section":"Shading Mode"},"sceneLighting":false,"audioPlay":false,"sceneViewState":{"showFog":false,"showMaterialUpdate":false,"showSkybox":false,"showFlares":false,"showImageEffects":false,"showParticleSystems":false},"in2DMode":false,"pivot":{"x":458.890869140625,"y":691.5687866210938,"z":-787.6802978515625},"rotation":{"x":0.32548630237579348,"y":0.059434473514556888,"z":-0.01615254022181034,"w":0.9439229965209961},"size":27.097349166870118,"orthographic":false}