{"cameraMode":{"drawMode":0,"name":"Shaded","section":"Shading Mode"},"sceneLighting":false,"audioPlay":false,"sceneViewState":{"showFog":false,"showMaterialUpdate":false,"showSkybox":false,"showFlares":false,"showImageEffects":false,"showParticleSystems":false},"in2DMode":false,"pivot":{"x":130.80810546875,"y":194.5097198486328,"z":-354.69793701171877},"rotation":{"x":-0.4121357798576355,"y":0.016966797411441804,"z":-0.012036936357617379,"w":-0.9113019108772278},"size":27.097332000732423,"orthographic":false}