{"cameraMode":{"drawMode":0,"name":"Shaded","section":"Shading Mode"},"sceneLighting":false,"audioPlay":false,"sceneViewState":{"showFog":false,"showMaterialUpdate":false,"showSkybox":false,"showFlares":false,"showImageEffects":false,"showParticleSystems":false},"in2DMode":false,"pivot":{"x":24.137006759643556,"y":79.72791290283203,"z":-86.52063751220703},"rotation":{"x":-0.3059428036212921,"y":-0.014834487810730935,"z":0.000953811511863023,"w":-0.9522850513458252},"size":89.42121124267578,"orthographic":false}