{"cameraMode":{"drawMode":0,"name":"Shaded","section":"Shading Mode"},"sceneLighting":false,"audioPlay":false,"sceneViewState":{"showFog":false,"showMaterialUpdate":false,"showSkybox":false,"showFlares":false,"showImageEffects":false,"showParticleSystems":false},"in2DMode":false,"pivot":{"x":49.19791030883789,"y":181.36024475097657,"z":625.1273193359375},"rotation":{"x":-0.16137607395648957,"y":0.035740289837121966,"z":-0.010324272327125073,"w":-0.9865572452545166},"size":27.09730339050293,"orthographic":false}