{"cameraMode":{"drawMode":0,"name":"Shaded","section":"Shading Mode"},"sceneLighting":false,"audioPlay":false,"sceneViewState":{"showFog":false,"showMaterialUpdate":false,"showSkybox":false,"showFlares":false,"showImageEffects":false,"showParticleSystems":false},"in2DMode":false,"pivot":{"x":25.237716674804689,"y":85.73079681396485,"z":-79.36405944824219},"rotation":{"x":-0.23810307681560517,"y":-0.011924401856958866,"z":-0.0007068683626130223,"w":-0.9715275764465332},"size":89.42119598388672,"orthographic":false}