{"cameraMode":{"drawMode":0,"name":"Shaded","section":"Shading Mode"},"sceneLighting":false,"audioPlay":false,"sceneViewState":{"showFog":false,"showMaterialUpdate":false,"showSkybox":false,"showFlares":false,"showImageEffects":false,"showParticleSystems":false},"in2DMode":false,"pivot":{"x":20.83218765258789,"y":69.64572143554688,"z":-59.011314392089847},"rotation":{"x":-0.26271548867225649,"y":0.009782321751117707,"z":-0.006267460063099861,"w":-0.9651410579681397},"size":89.42119598388672,"orthographic":false}