{"cameraMode":{"drawMode":0,"name":"Shaded","section":"Shading Mode"},"sceneLighting":false,"audioPlay":false,"sceneViewState":{"showFog":false,"showMaterialUpdate":false,"showSkybox":false,"showFlares":false,"showImageEffects":false,"showParticleSystems":false},"in2DMode":false,"pivot":{"x":56.44363021850586,"y":159.80076599121095,"z":-262.2666320800781},"rotation":{"x":0.3182779550552368,"y":-0.03984468802809715,"z":0.018099384382367135,"w":0.9473838806152344},"size":27.09733009338379,"orthographic":false}