{"cameraMode":{"drawMode":0,"name":"Shaded","section":"Shading Mode"},"sceneLighting":false,"audioPlay":false,"sceneViewState":{"showFog":false,"showMaterialUpdate":false,"showSkybox":false,"showFlares":false,"showImageEffects":false,"showParticleSystems":false},"in2DMode":false,"pivot":{"x":38.322811126708987,"y":168.6252899169922,"z":616.6551513671875},"rotation":{"x":-0.01527969166636467,"y":-0.9612696766853333,"z":0.2739464342594147,"w":-0.03748282790184021},"size":27.097305297851564,"orthographic":false}