{"cameraMode":{"drawMode":0,"name":"Shaded","section":"Shading Mode"},"sceneLighting":false,"audioPlay":false,"sceneViewState":{"showFog":false,"showMaterialUpdate":false,"showSkybox":false,"showFlares":false,"showImageEffects":false,"showParticleSystems":false},"in2DMode":false,"pivot":{"x":584.0376586914063,"y":548.7822875976563,"z":-1137.420654296875},"rotation":{"x":-0.35642731189727785,"y":0.11669766157865524,"z":-0.04838009178638458,"w":-0.9260961413383484},"size":89.42108917236328,"orthographic":false}