{"cameraMode":{"drawMode":0,"name":"Shaded","section":"Shading Mode"},"sceneLighting":false,"audioPlay":false,"sceneViewState":{"showFog":false,"showMaterialUpdate":false,"showSkybox":false,"showFlares":false,"showImageEffects":false,"showParticleSystems":false},"in2DMode":false,"pivot":{"x":2.413893222808838,"y":7.291902542114258,"z":9.369614601135254},"rotation":{"x":0.12528739869594575,"y":-0.6973573565483093,"z":0.12581759691238404,"w":0.6944292187690735},"size":1.7819712162017823,"orthographic":false}