{"cameraMode":{"drawMode":0,"name":"Shaded","section":"Shading Mode"},"sceneLighting":false,"audioPlay":false,"sceneViewState":{"showFog":false,"showMaterialUpdate":false,"showSkybox":false,"showFlares":false,"showImageEffects":false,"showParticleSystems":false},"in2DMode":false,"pivot":{"x":34.950286865234378,"y":185.12863159179688,"z":624.2337036132813},"rotation":{"x":0.007793000899255276,"y":-0.9396136403083801,"z":0.3413660228252411,"w":0.035751160234212878},"size":27.097305297851564,"orthographic":false}