{"cameraMode":{"drawMode":0,"name":"Shaded","section":"Shading Mode"},"sceneLighting":false,"audioPlay":false,"sceneViewState":{"showFog":false,"showMaterialUpdate":false,"showSkybox":false,"showFlares":false,"showImageEffects":false,"showParticleSystems":false},"in2DMode":false,"pivot":{"x":-2.040358543395996,"y":0.027341455221176149,"z":-3.172605514526367},"rotation":{"x":-0.0014183244202286006,"y":-0.3297179043292999,"z":-0.0004900425556115806,"w":0.9440927505493164},"size":0.6296923756599426,"orthographic":false}