{"cameraMode":{"drawMode":0,"name":"Shaded","section":"Shading Mode"},"sceneLighting":false,"audioPlay":false,"sceneViewState":{"showFog":false,"showMaterialUpdate":false,"showSkybox":false,"showFlares":false,"showImageEffects":false,"showParticleSystems":false},"in2DMode":false,"pivot":{"x":49.103477478027347,"y":160.49269104003907,"z":-249.347900390625},"rotation":{"x":-0.16777697205543519,"y":-0.24006521701812745,"z":0.03808300942182541,"w":-0.9557322263717651},"size":1.7164268493652344,"orthographic":false}