{"cameraMode":{"drawMode":0,"name":"Shaded","section":"Shading Mode"},"sceneLighting":false,"audioPlay":false,"sceneViewState":{"showFog":false,"showMaterialUpdate":false,"showSkybox":false,"showFlares":false,"showImageEffects":false,"showParticleSystems":false},"in2DMode":false,"pivot":{"x":7.622901439666748,"y":67.620849609375,"z":-76.70932006835938},"rotation":{"x":-0.06677564978599549,"y":-0.9319657683372498,"z":0.3000490665435791,"w":-0.19421523809432984},"size":27.09733009338379,"orthographic":false}