{"cameraMode":{"drawMode":0,"name":"Shaded","section":"Shading Mode"},"sceneLighting":false,"audioPlay":false,"sceneViewState":{"showFog":false,"showMaterialUpdate":false,"showSkybox":false,"showFlares":false,"showImageEffects":false,"showParticleSystems":false},"in2DMode":false,"pivot":{"x":356.5889587402344,"y":604.8070068359375,"z":-633.9791259765625},"rotation":{"x":0.23542487621307374,"y":0.22761663794517518,"z":-0.05174851417541504,"w":0.9438662528991699},"size":27.097299575805665,"orthographic":false}