{"cameraMode":{"drawMode":0,"name":"Shaded","section":"Shading Mode"},"sceneLighting":false,"audioPlay":false,"sceneViewState":{"showFog":false,"showMaterialUpdate":false,"showSkybox":false,"showFlares":false,"showImageEffects":false,"showParticleSystems":false},"in2DMode":false,"pivot":{"x":522.1790161132813,"y":350.6361999511719,"z":-605.3276977539063},"rotation":{"x":0.5001981854438782,"y":-0.014606078155338765,"z":0.013808105140924454,"w":0.8661439418792725},"size":27.097349166870118,"orthographic":false}