{"cameraMode":{"drawMode":0,"name":"Shaded","section":"Shading Mode"},"sceneLighting":false,"audioPlay":false,"sceneViewState":{"showFog":false,"showMaterialUpdate":false,"showSkybox":false,"showFlares":false,"showImageEffects":false,"showParticleSystems":false},"in2DMode":false,"pivot":{"x":-78.0490493774414,"y":-90.53857421875,"z":139.43519592285157},"rotation":{"x":0.33274203538894656,"y":-0.36095860600471499,"z":0.14007176458835603,"w":0.8600340485572815},"size":89.42119598388672,"orthographic":false}