{"cameraMode":{"drawMode":0,"name":"Shaded","section":"Shading Mode"},"sceneLighting":false,"audioPlay":false,"sceneViewState":{"showFog":false,"showMaterialUpdate":false,"showSkybox":false,"showFlares":false,"showImageEffects":false,"showParticleSystems":false},"in2DMode":false,"pivot":{"x":332.92022705078127,"y":573.5054321289063,"z":-459.5691833496094},"rotation":{"x":-0.23955442011356355,"y":-0.036640483886003497,"z":0.004129133652895689,"w":-0.9705790281295776},"size":2.274975061416626,"orthographic":false}