{"cameraMode":{"drawMode":0,"name":"Shaded","section":"Shading Mode"},"sceneLighting":false,"audioPlay":false,"sceneViewState":{"showFog":false,"showMaterialUpdate":false,"showSkybox":false,"showFlares":false,"showImageEffects":false,"showParticleSystems":false},"in2DMode":false,"pivot":{"x":195.3949432373047,"y":382.6792907714844,"z":-444.9756774902344},"rotation":{"x":-0.3215887248516083,"y":0.0009226765250787139,"z":-0.0037611310835927727,"w":-0.947219729423523},"size":30.805055618286134,"orthographic":false}