{"cameraMode":{"drawMode":0,"name":"Shaded","section":"Shading Mode"},"sceneLighting":false,"audioPlay":false,"sceneViewState":{"showFog":false,"showMaterialUpdate":false,"showSkybox":false,"showFlares":false,"showImageEffects":false,"showParticleSystems":false},"in2DMode":false,"pivot":{"x":24.85735321044922,"y":109.47352600097656,"z":-99.89479064941406},"rotation":{"x":-0.20593060553073884,"y":-0.014959770254790783,"z":-0.0011218514991924167,"w":-0.9788104891777039},"size":89.42121124267578,"orthographic":false}