{"cameraMode":{"drawMode":0,"name":"Shaded","section":"Shading Mode"},"sceneLighting":false,"audioPlay":false,"sceneViewState":{"showFog":false,"showMaterialUpdate":false,"showSkybox":false,"showFlares":false,"showImageEffects":false,"showParticleSystems":false},"in2DMode":false,"pivot":{"x":-0.09614336490631104,"y":1.733269453048706,"z":-0.04642770439386368},"rotation":{"x":0.4695550501346588,"y":0.1621273308992386,"z":-0.08283726871013642,"w":0.8643559217453003},"size":2.224832057952881,"orthographic":false}