{"cameraMode":{"drawMode":0,"name":"Shaded","section":"Shading Mode"},"sceneLighting":false,"audioPlay":false,"sceneViewState":{"showFog":false,"showMaterialUpdate":false,"showSkybox":false,"showFlares":false,"showImageEffects":false,"showParticleSystems":false},"in2DMode":false,"pivot":{"x":145.9032745361328,"y":206.6053466796875,"z":-83.1259536743164},"rotation":{"x":-0.1349780559539795,"y":-0.01921394094824791,"z":-0.0008650502422824502,"w":-0.991008460521698},"size":102.04444122314453,"orthographic":false}