{"cameraMode":{"drawMode":0,"name":"Shaded","section":"Shading Mode"},"sceneLighting":false,"audioPlay":false,"sceneViewState":{"showFog":false,"showMaterialUpdate":false,"showSkybox":false,"showFlares":false,"showImageEffects":false,"showParticleSystems":false},"in2DMode":false,"pivot":{"x":17.677162170410158,"y":86.61724853515625,"z":-52.57599639892578},"rotation":{"x":-0.20591484010219575,"y":-0.007527998648583889,"z":-0.0022900192998349668,"w":-0.9788991808891296},"size":89.42119598388672,"orthographic":false}