{"cameraMode":{"drawMode":0,"name":"Shaded","section":"Shading Mode"},"sceneLighting":false,"audioPlay":false,"sceneViewState":{"showFog":false,"showMaterialUpdate":false,"showSkybox":false,"showFlares":false,"showImageEffects":false,"showParticleSystems":false},"in2DMode":false,"pivot":{"x":38.65787124633789,"y":183.56832885742188,"z":633.7360229492188},"rotation":{"x":-0.005066624842584133,"y":-0.9675462245941162,"z":0.254072368144989,"w":0.00004788125443155877},"size":27.097305297851564,"orthographic":false}