{"cameraMode":{"drawMode":0,"name":"Shaded","section":"Shading Mode"},"sceneLighting":false,"audioPlay":false,"sceneViewState":{"showFog":false,"showMaterialUpdate":false,"showSkybox":false,"showFlares":false,"showImageEffects":false,"showParticleSystems":false},"in2DMode":false,"pivot":{"x":55.28926086425781,"y":224.10580444335938,"z":613.3635864257813},"rotation":{"x":-0.3688787519931793,"y":-0.06472143530845642,"z":0.021355023607611657,"w":-0.9273707866668701},"size":27.097305297851564,"orthographic":false}