{"cameraMode":{"drawMode":0,"name":"Shaded","section":"Shading Mode"},"sceneLighting":false,"audioPlay":false,"sceneViewState":{"showFog":false,"showMaterialUpdate":false,"showSkybox":false,"showFlares":false,"showImageEffects":false,"showParticleSystems":false},"in2DMode":false,"pivot":{"x":51.41828536987305,"y":149.99630737304688,"z":-251.19134521484376},"rotation":{"x":0.4282275438308716,"y":-0.15267767012119294,"z":0.07880143821239472,"w":0.8876134157180786},"size":27.09733009338379,"orthographic":false}