{"cameraMode":{"drawMode":0,"name":"Shaded","section":"Shading Mode"},"sceneLighting":false,"audioPlay":false,"sceneViewState":{"showFog":false,"showMaterialUpdate":false,"showSkybox":false,"showFlares":false,"showImageEffects":false,"showParticleSystems":false},"in2DMode":false,"pivot":{"x":177.0012664794922,"y":200.84283447265626,"z":-416.30755615234377},"rotation":{"x":0.386465460062027,"y":-0.09372478723526001,"z":0.0438152514398098,"w":0.9169046878814697},"size":27.097332000732423,"orthographic":false}