{"cameraMode":{"drawMode":0,"name":"Shaded","section":"Shading Mode"},"sceneLighting":false,"audioPlay":false,"sceneViewState":{"showFog":false,"showMaterialUpdate":false,"showSkybox":false,"showFlares":false,"showImageEffects":false,"showParticleSystems":false},"in2DMode":false,"pivot":{"x":14.774761199951172,"y":39.7209358215332,"z":-92.5781021118164},"rotation":{"x":0.3250383138656616,"y":-0.15226387977600099,"z":0.05785374715924263,"w":0.9319750666618347},"size":27.09733009338379,"orthographic":false}