{"cameraMode":{"drawMode":0,"name":"Shaded","section":"Shading Mode"},"sceneLighting":false,"audioPlay":false,"sceneViewState":{"showFog":false,"showMaterialUpdate":false,"showSkybox":false,"showFlares":false,"showImageEffects":false,"showParticleSystems":false},"in2DMode":false,"pivot":{"x":-0.7039999961853027,"y":0.0,"z":-3.1700000762939455},"rotation":{"x":-0.0014183244202286006,"y":-0.3297179043292999,"z":-0.0004900425556115806,"w":0.9440927505493164},"size":0.6351218223571777,"orthographic":false}