{"cameraMode":{"drawMode":0,"name":"Shaded","section":"Shading Mode"},"sceneLighting":false,"audioPlay":false,"sceneViewState":{"showFog":false,"showMaterialUpdate":false,"showSkybox":false,"showFlares":false,"showImageEffects":false,"showParticleSystems":false},"in2DMode":false,"pivot":{"x":79.58934020996094,"y":-2.12376070022583,"z":4.9923577308654789},"rotation":{"x":-0.3085922300815582,"y":0.023799026384949685,"z":-0.011199738830327988,"w":-0.9511743187904358},"size":89.42118835449219,"orthographic":false}