{"cameraMode":{"drawMode":0,"name":"Shaded","section":"Shading Mode"},"sceneLighting":false,"audioPlay":false,"sceneViewState":{"showFog":false,"showMaterialUpdate":false,"showSkybox":false,"showFlares":false,"showImageEffects":false,"showParticleSystems":false},"in2DMode":false,"pivot":{"x":0.0,"y":2.9944074153900148,"z":2.8199634552001955},"rotation":{"x":0.16743628680706025,"y":0.07011765986680985,"z":-0.007807261310517788,"w":0.9837337732315064},"size":4.861077308654785,"orthographic":false}