{"cameraMode":{"drawMode":0,"name":"Shaded","section":"Shading Mode"},"sceneLighting":false,"audioPlay":false,"sceneViewState":{"showFog":false,"showMaterialUpdate":false,"showSkybox":false,"showFlares":false,"showImageEffects":false,"showParticleSystems":false},"in2DMode":false,"pivot":{"x":210.4154052734375,"y":369.3397521972656,"z":-340.47625732421877},"rotation":{"x":-0.14537353813648225,"y":-0.022158682346343995,"z":-0.00006706727435812354,"w":-0.9894791841506958},"size":89.42120361328125,"orthographic":false}