{"cameraMode":{"drawMode":0,"name":"Shaded","section":"Shading Mode"},"sceneLighting":false,"audioPlay":false,"sceneViewState":{"showFog":false,"showMaterialUpdate":false,"showSkybox":false,"showFlares":false,"showImageEffects":false,"showParticleSystems":false},"in2DMode":false,"pivot":{"x":7.860927104949951,"y":13.277091026306153,"z":0.646439790725708},"rotation":{"x":-0.20435898005962373,"y":0.013112002052366734,"z":-0.006156334187835455,"w":-0.9791437387466431},"size":9.949042320251465,"orthographic":false}