{"cameraMode":{"drawMode":0,"name":"Shaded","section":"Shading Mode"},"sceneLighting":false,"audioPlay":false,"sceneViewState":{"showFog":false,"showMaterialUpdate":false,"showSkybox":false,"showFlares":false,"showImageEffects":false,"showParticleSystems":false},"in2DMode":false,"pivot":{"x":-5.8171844482421879,"y":-15.943958282470704,"z":122.11071014404297},"rotation":{"x":0.2283693552017212,"y":-0.08443759381771088,"z":0.020528843626379968,"w":0.9698584079742432},"size":93.44515228271485,"orthographic":false}