{"cameraMode":{"drawMode":0,"name":"Shaded","section":"Shading Mode"},"sceneLighting":true,"audioPlay":false,"sceneViewState":{"showFog":true,"showMaterialUpdate":false,"showSkybox":true,"showFlares":true,"showImageEffects":true,"showParticleSystems":true},"in2DMode":false,"pivot":{"x":524.285400390625,"y":295.010498046875,"z":-615.9119873046875},"rotation":{"x":0.006309499964118004,"y":0.002995298709720373,"z":-0.000018810782421496697,"w":0.9999679923057556},"size":9.12024974822998,"orthographic":false}