{"cameraMode":{"drawMode":0,"name":"Shaded","section":"Shading Mode"},"sceneLighting":false,"audioPlay":false,"sceneViewState":{"showFog":true,"showMaterialUpdate":false,"showSkybox":false,"showFlares":true,"showImageEffects":true,"showParticleSystems":true},"in2DMode":false,"pivot":{"x":157.4117889404297,"y":230.3217010498047,"z":-410.780029296875},"rotation":{"x":0.29462379217147829,"y":-0.6353542804718018,"z":0.286247581243515,"w":0.6539055109024048},"size":27.097332000732423,"orthographic":false}