{"cameraMode":{"drawMode":0,"name":"Shaded","section":"Shading Mode"},"sceneLighting":false,"audioPlay":false,"sceneViewState":{"showFog":true,"showMaterialUpdate":false,"showSkybox":false,"showFlares":true,"showImageEffects":true,"showParticleSystems":true},"in2DMode":false,"pivot":{"x":43.517704010009769,"y":162.89065551757813,"z":609.9440307617188},"rotation":{"x":0.02280883491039276,"y":0.9463411569595337,"z":-0.31498244404792788,"w":0.0685419887304306},"size":27.097305297851564,"orthographic":false}