{"cameraMode":{"drawMode":0,"name":"Shaded","section":"Shading Mode"},"sceneLighting":false,"audioPlay":false,"sceneViewState":{"showFog":true,"showMaterialUpdate":false,"showSkybox":false,"showFlares":true,"showImageEffects":true,"showParticleSystems":true},"in2DMode":false,"pivot":{"x":468.5294494628906,"y":739.749267578125,"z":-754.8518676757813},"rotation":{"x":0.025461655110120775,"y":0.9135614633560181,"z":-0.40175050497055056,"w":0.05790814012289047},"size":27.097349166870118,"orthographic":false}