{"cameraMode":{"drawMode":0,"name":"Shaded","section":"Shading Mode"},"sceneLighting":false,"audioPlay":false,"sceneViewState":{"showFog":true,"showMaterialUpdate":false,"showSkybox":false,"showFlares":true,"showImageEffects":true,"showParticleSystems":true},"in2DMode":false,"pivot":{"x":27.559789657592775,"y":60.714359283447269,"z":-118.7776107788086},"rotation":{"x":0.4517759680747986,"y":-0.0574815534055233,"z":0.029171569272875787,"w":0.8898037672042847},"size":27.09733009338379,"orthographic":false}