{"cameraMode":{"drawMode":0,"name":"Shaded","section":"Shading Mode"},"sceneLighting":false,"audioPlay":false,"sceneViewState":{"showFog":true,"showMaterialUpdate":false,"showSkybox":false,"showFlares":true,"showImageEffects":true,"showParticleSystems":true},"in2DMode":false,"pivot":{"x":266.52685546875,"y":230.71163940429688,"z":-539.1670532226563},"rotation":{"x":0.2877997159957886,"y":-0.07318072021007538,"z":0.02204897440969944,"w":0.9546396136283875},"size":27.097349166870118,"orthographic":false}