{"cameraMode":{"drawMode":0,"name":"Shaded","section":"Shading Mode"},"sceneLighting":false,"audioPlay":false,"sceneViewState":{"showFog":true,"showMaterialUpdate":false,"showSkybox":false,"showFlares":true,"showImageEffects":true,"showParticleSystems":true},"in2DMode":false,"pivot":{"x":61.203128814697269,"y":172.65003967285157,"z":-282.7982482910156},"rotation":{"x":0.3636877238750458,"y":-0.08368086069822312,"z":0.0328107550740242,"w":0.9271782040596008},"size":27.09733009338379,"orthographic":false}