{"cameraMode":{"drawMode":0,"name":"Shaded","section":"Shading Mode"},"sceneLighting":false,"audioPlay":false,"sceneViewState":{"showFog":true,"showMaterialUpdate":false,"showSkybox":false,"showFlares":true,"showImageEffects":true,"showParticleSystems":true},"in2DMode":false,"pivot":{"x":46.266056060791019,"y":167.74989318847657,"z":618.3304443359375},"rotation":{"x":0.005591130815446377,"y":0.9646573662757874,"z":-0.26262903213500979,"w":0.020551985129714013},"size":27.097352981567384,"orthographic":false}