{"cameraMode":{"drawMode":0,"name":"Shaded","section":"Shading Mode"},"sceneLighting":false,"audioPlay":false,"sceneViewState":{"showFog":true,"showMaterialUpdate":false,"showSkybox":false,"showFlares":true,"showImageEffects":true,"showParticleSystems":true},"in2DMode":false,"pivot":{"x":9.59811019897461,"y":0.2621256113052368,"z":22.369579315185548},"rotation":{"x":-0.26411348581314089,"y":-0.012443740852177143,"z":0.0034117784816771747,"w":-0.9644013047218323},"size":27.09733009338379,"orthographic":false}