{"cameraMode":{"drawMode":0,"name":"Shaded","section":"Shading Mode"},"sceneLighting":false,"audioPlay":false,"sceneViewState":{"showFog":true,"showMaterialUpdate":false,"showSkybox":false,"showFlares":true,"showImageEffects":true,"showParticleSystems":true},"in2DMode":false,"pivot":{"x":50.34370422363281,"y":171.00160217285157,"z":-259.7801818847656},"rotation":{"x":0.4054830074310303,"y":-0.06982573866844177,"z":0.031079167500138284,"w":0.9109019637107849},"size":0.8660253882408142,"orthographic":false}