{"cameraMode":{"drawMode":0,"name":"Shaded","section":"Shading Mode"},"sceneLighting":true,"audioPlay":false,"sceneViewState":{"showFog":true,"showMaterialUpdate":false,"showSkybox":false,"showFlares":true,"showImageEffects":true,"showParticleSystems":true},"in2DMode":false,"pivot":{"x":592.8434448242188,"y":243.38674926757813,"z":-268.2388916015625},"rotation":{"x":-0.1703580766916275,"y":0.0360531285405159,"z":-0.006237733643501997,"w":-0.9847025871276856},"size":454.41748046875,"orthographic":false}