{"cameraMode":{"drawMode":0,"name":"Shaded","section":"Shading Mode"},"sceneLighting":false,"audioPlay":false,"sceneViewState":{"showFog":true,"showMaterialUpdate":false,"showSkybox":false,"showFlares":true,"showImageEffects":true,"showParticleSystems":true},"in2DMode":false,"pivot":{"x":261.3200988769531,"y":242.8275909423828,"z":-563.087890625},"rotation":{"x":0.41012823581695559,"y":-0.13732925057411195,"z":0.06260519474744797,"w":0.8994572758674622},"size":27.097349166870118,"orthographic":false}