{"cameraMode":{"drawMode":0,"name":"Shaded","section":"Shading Mode"},"sceneLighting":false,"audioPlay":false,"sceneViewState":{"showFog":true,"showMaterialUpdate":false,"showSkybox":false,"showFlares":true,"showImageEffects":true,"showParticleSystems":true},"in2DMode":false,"pivot":{"x":-161.92469787597657,"y":151.59829711914063,"z":66.20174407958985},"rotation":{"x":-0.46766397356987,"y":0.11004871129989624,"z":-0.058801207691431048,"w":-0.8750712275505066},"size":27.097332000732423,"orthographic":false}